item_id,topic,stance,argument,predicted_quality,on_topic,strength,focus_area,suggestion,reasoning,is_overlap,relevance,actionability,clarity,notes
calib_0000,We should adopt atheism,pro,"yes, as long as the person agrees and is not required",low,True,agrees,Clarity,"State the warrant explicitly, e.g., 'If a person agrees and is not required to', replaces 'as long as'",The argument lacks a clear warrant; stating it explicitly clarifies the logical connection between evidence (person's agreement) and claim (adopting atheism),False,4,4,4,
calib_0001,We should legalize cannabis,pro,we must not abolish the use of cannabis for its uses for some diseases,low,True,the claim that cannabis has uses for some diseases,Evidence,Add specific examples of diseases treated by cannabis to support the claim,The argument lacks warrant because it relies solely on the use of cannabis for medical purposes without establishing a logical connection between these uses and the stance of legalizing cannabis.,False,5,5,5,
calib_0002,We should adopt libertarianism,con,there is no evidence that libertarianism has been successful,low,True,there is no evidence that libertarianism has been successful,Evidence,"Add concrete data or examples to support the claim, such as specific instances where libertarian policies have led to positive outcomes.","The argument lacks a warrant, as it fails to explain why lack of evidence is sufficient to refute libertarianism.",False,3,1,4,The feedback is saying we should give examples where libertarianism has led to positive outcomes.
calib_0003,We should ban targeted killing,con,we should not ban targeted killing simply to protect the innocents from the bad peoples that trying to kill them,low,True,the claim that we should not ban targeted killing,Warrant,State the warrant explicitly by connecting the protection of innocents to the effectiveness and precision of targeted killings.,"The argument lacks a clear logical bridge between the grounds and the claim, which can be addressed by adding an explicit warrant.",False,2,2,1,
calib_0004,We should ban factory farming,pro,besides that farmers use forms and techniques for their crops that are then poorly paid by factories,low,True,poorly paid by factories,Evidence,Add a specific data point or study to support the claim that factory farming is poorly paid for its labor practices.,The argument lacks a warrant because it only states a general claim about factory farming without providing evidence to support this claim.,False,5,5,5,
calib_0005,The use of public defenders should be mandatory,pro,mandatory representation by public defenders endures all defendents have a level playing field and that those with the most money are more likely to be acquitted when guilty,medium,True,the claim that mandatory representation by public defenders endures all defendants have a level playing field,Evidence,"Add more specific evidence about cases where wealthy defendants were acquitted, while poor defendants were convicted. For example: 'In the case of XYZ vs. ABC, a wealthy defendant was acquitted despite having a blood alcohol level twice that of a sober driver, whereas a poor defendant with similar charges was convicted.'","The backing is needed to support the warrant, which connects the evidence about wealth and acquittal rates to the claim about a level playing field",False,5,5,5,
calib_0006,We should prohibit women in combat,pro,"we should prohibit women in combat, they are a distraction to male fighters who think they must protect the females",medium,True,the claim,Warrant,"State the warrant explicitly, e.g., 'because male fighters believe they must protect females' replaces 'who think they must protect the females'","The weak Toulmin element is the warrant, which needs explicit statement to connect the evidence to the claim.",False,4,5,5,
calib_0007,We should adopt libertarianism,con,"under libertarianism, there would be no social programs to offer the poor assistance.",medium,False,the claim that libertarianism would lead to no social programs,Warrant,Add a clear logical connection between the lack of social programs under libertarianism and its implications for the poor's assistance.,The warrant is weak because it does not explicitly state how the absence of social programs would directly affect the poor; adding this connection would strengthen the argument.,False,4,2,4,
calib_0008,The use of public defenders should be mandatory,pro,"There is little political will to improve public defenders in the status quo, as those who use it are among the least politically powerful in society, and this would create an impetus for political change.",medium,True,political change,Warrant,State the warrant explicitly by clarifying how the impetus for political change is logically connected to the mandatory use of public defenders.,"The argument lacks a clear explanation of this logical connection, which makes it difficult to understand why making public defenders mandatory would lead to political change.",False,4,4,2,
calib_0009,We should ban factory farming,con,factory farming reduces the cost of food,medium,True,reduces the cost of food,Warrant,"State the warrant explicitly by connecting factory farming to its environmental or animal welfare consequences, rather than just mentioning cost savings.",The argument lacks a clear logical connection between reducing food costs and banning factory farming.,False,4,4,4,
calib_0010,We should ban factory farming,con,factory farming is an efficient way to grow mass amounts of food for the food supply chain. it pushes innovation and makes farming more efficient and safer outcomes for the food supply.,high,True,states a clear stance,Clarity,"Add qualifiers (conditions or limits on the claim) to address potential rebuttals, for example: 'factory farming is an efficient way to grow mass amounts of food for the food supply chain, but only if accompanied by robust animal welfare standards and sustainable environmental practices.', Replace 'it' with a named concept, e.g. 'the efficiency gains from factory farming are often achieved through significant investments in technology and infrastructure'",Logic: The argument relies on an oversimplification of the relationship between efficiency and welfare outcomes; adding qualifiers would address this potential flaw by acknowledging the complexity of the issue,False,5,5,5,
calib_0011,We should prohibit women in combat,con,"women have fought for decades and centuries for equal rights, not allowing them to participate in serving their country is a massive step backwards.",high,True,states a clear stance,Relevance,"Add the qualifier that women have already proven their ability in combat, e.g., 'women have fought for decades and centuries for equal rights, demonstrating their capacity to serve effectively in combat', then replace 'not allowing them to participate' with 'would be a step backwards' to explicitly state the claim",Relevance is weak because the argument could be improved by directly connecting the evidence of women's previous service to the current issue at hand.,False,3,4,5,
calib_0012,We should abolish the three-strikes laws,con,the three-strikes law keeps people from becoming repeat offenders because they realize that their punishment will be severe if they don't change their ways.,high,True,the severe punishment will be a deterrent,Logic,Add conditions or limits on when the severe punishment applies to make it more relevant and nuanced.,The argument relies too heavily on a broad claim about deterrence; adding specificity would strengthen it.,False,4,5,5,
calib_0013,We should legalize cannabis,con,legalizing cannabis is the wrong move.  it makes all other illegal drugs seem safer and we can't allow something like that to happen.,high,True,it makes all other illegal drugs seem safer,Logic,"Replace 'we can't allow something like that to happen' with a specific example of how this could lead to increased use and harm, such as 'if we legalize cannabis, it could embolden manufacturers of other illicit substances', Add this to the warrant.",the qualifier lacks specificity and fails to address potential counterarguments about the nature of drug classification and regulation.,False,5,5,5,
calib_0014,Holocaust denial should be a criminal offence,pro,teaching someone that the holocaust never happened when it did could cause people to be shunned or even hurt just because someone told them untrue information.,high,True,claims that teaching someone that the holocaust never happened could cause people to be shunned or even hurt,Relevance,"Add a qualifier, such as 'when presented in a context where it is known to be false,' to the claim to make its relevance to the topic more explicit and clear.","The argument's focus on potential consequences of Holocaust denial lacks specificity, but adding a qualifier would help address this by grounding the claim in a clearer definition of what constitutes 'teaching someone that the holocaust never happened'.",False,3,2,2,
